{
	"pages": [
		{
			"path": "pages/home/index"
		},
		{
			"path": "pages/category/index"
		},
		{
			"path": "pages/cart/index"
		},
		{
			"path": "pages/profile/index",
			"style": {
				
			}
		},
		{
			"path": "pages/detail/index"
		},
		{
            "path" : "pages/webview/index",
            "style" :                                                                                    
            {
                "enablePullDownRefresh": false
            }
            
        }
    ],
	"globalStyle": {
		"navigationBarTextStyle": "white",
		"navigationBarTitleText": "购物街",
		"navigationBarBackgroundColor": "#ff8198",
		"backgroundColor": "#F8F8F8",
		"app-plus": {
			"background": "#efeff4"
		}
	},
	"tabBar": {
		"selectedColor":"#FF5777",
		"list": [
			{
				"pagePath":"pages/home/index",
				"text":"首页",
				"iconPath":"static/images/tabbar/home.png",
				"selectedIconPath":"static/images/tabbar/home_active.png"
			},
			{
				"pagePath":"pages/category/index",
				"text":"分类",
				"iconPath":"static/images/tabbar/category.png",
				"selectedIconPath":"static/images/tabbar/category_active.png"
			},
			{
				"pagePath":"pages/cart/index",
				"text":"购物车",
				"iconPath":"static/images/tabbar/cart.png",
				"selectedIconPath":"static/images/tabbar/cart_active.png"
			},
			{
				"pagePath":"pages/profile/index",
				"text":"我",
				"iconPath":"static/images/tabbar/profile.png",
				"selectedIconPath":"static/images/tabbar/profile_active.png"
			}
		]
	}
}
